GROUP,PACKAGE,CLASS,INSTRUCTION_MISSED,INSTRUCTION_COVERED,BRANCH_MISSED,BRANCH_COVERED,LINE_MISSED,LINE_COVERED,COMPLEXITY_MISSED,COMPLEXITY_COVERED,METHOD_MISSED,METHOD_COVERED
JaCoCo Coverage Report,org.joda.time,MonthDay,464,24,31,0,105,6,60,1,44,1
JaCoCo Coverage Report,org.joda.time,DateTimeUtils,202,107,36,4,75,29,37,8,18,7
JaCoCo Coverage Report,org.joda.time,MonthDay.Property,117,0,0,0,21,0,10,0,10,0
JaCoCo Coverage Report,org.joda.time,MutablePeriod,513,0,8,0,155,0,76,0,72,0
JaCoCo Coverage Report,org.joda.time,DateTimeComparator,266,0,46,0,53,0,37,0,14,0
JaCoCo Coverage Report,org.joda.time,DurationField,30,3,4,0,6,1,4,1,2,1
JaCoCo Coverage Report,org.joda.time,Weeks,241,39,35,0,59,9,45,2,25,2
JaCoCo Coverage Report,org.joda.time,Days,249,59,39,0,63,13,49,2,25,2
JaCoCo Coverage Report,org.joda.time,LocalTime,988,58,100,0,206,16,120,3,67,3
JaCoCo Coverage Report,org.joda.time,TimeOfDay,575,0,23,0,131,0,68,0,55,0
JaCoCo Coverage Report,org.joda.time,Duration,208,10,24,0,54,3,37,2,25,2
JaCoCo Coverage Report,org.joda.time,PeriodType,1205,437,90,14,188,60,75,17,30,10
JaCoCo Coverage Report,org.joda.time,Instant,120,9,10,0,28,4,23,2,18,2
JaCoCo Coverage Report,org.joda.time,LocalDate.Property,160,0,0,0,27,0,19,0,19,0
JaCoCo Coverage Report,org.joda.time,DurationFieldType.StandardDurationFieldType,83,24,30,2,30,8,28,4,2,3
JaCoCo Coverage Report,org.joda.time,DateTimeUtils.OffsetMillisProvider,11,0,0,0,4,0,2,0,2,0
JaCoCo Coverage Report,org.joda.time,DateTimeFieldType.StandardDateTimeFieldType,146,28,53,1,54,10,52,4,3,4
JaCoCo Coverage Report,org.joda.time,YearMonthDay.Property,127,0,0,0,23,0,12,0,12,0
JaCoCo Coverage Report,org.joda.time,LocalTime.Property,201,0,2,0,33,0,22,0,21,0
JaCoCo Coverage Report,org.joda.time,LocalDateTime,1587,0,118,0,319,0,178,0,116,0
JaCoCo Coverage Report,org.joda.time,Seconds,241,39,35,0,59,9,45,2,25,2
JaCoCo Coverage Report,org.joda.time,DateTime.Property,215,0,4,0,38,0,22,0,20,0
JaCoCo Coverage Report,org.joda.time,DateTime,1133,13,72,0,222,3,139,2,103,2
JaCoCo Coverage Report,org.joda.time,Minutes,241,39,35,0,59,9,45,2,25,2
JaCoCo Coverage Report,org.joda.time,DateTimeFieldType,8,240,0,0,2,73,2,26,2,26
JaCoCo Coverage Report,org.joda.time,DateTimeUtils.FixedMillisProvider,9,0,0,0,4,0,2,0,2,0
JaCoCo Coverage Report,org.joda.time,Partial,1065,0,106,0,230,0,86,0,33,0
JaCoCo Coverage Report,org.joda.time,DateTimeUtils.SystemMillisProvider,0,5,0,0,0,2,0,2,0,2
JaCoCo Coverage Report,org.joda.time,LocalDateTime.Property,171,0,0,0,28,0,20,0,20,0
JaCoCo Coverage Report,org.joda.time,Partial.Property,127,0,0,0,23,0,12,0,12,0
JaCoCo Coverage Report,org.joda.time,YearMonthDay,546,0,24,0,122,0,65,0,52,0
JaCoCo Coverage Report,org.joda.time,DateTimeField,0,3,0,0,0,1,0,1,0,1
JaCoCo Coverage Report,org.joda.time,DateTimeConstants,3,0,0,0,2,0,1,0,1,0
JaCoCo Coverage Report,org.joda.time,TimeOfDay.Property,148,0,0,0,26,0,13,0,13,0
JaCoCo Coverage Report,org.joda.time,MutableInterval,242,0,10,0,73,0,32,0,27,0
JaCoCo Coverage Report,org.joda.time,Chronology,0,3,0,0,0,1,0,1,0,1
JaCoCo Coverage Report,org.joda.time,JodaTimePermission,4,0,0,0,2,0,1,0,1,0
JaCoCo Coverage Report,org.joda.time,Months,217,84,44,0,60,18,48,2,19,2
JaCoCo Coverage Report,org.joda.time,Interval,334,0,30,0,82,0,39,0,24,0
JaCoCo Coverage Report,org.joda.time,DateTimeZone.new BaseChronology() {...},13,0,0,0,5,0,5,0,5,0
JaCoCo Coverage Report,org.joda.time,Hours,251,64,40,0,64,14,50,2,25,2
JaCoCo Coverage Report,org.joda.time,DateMidnight,712,0,50,0,140,0,92,0,67,0
JaCoCo Coverage Report,org.joda.time,YearMonth.Property,117,0,0,0,21,0,10,0,10,0
JaCoCo Coverage Report,org.joda.time,IllegalInstantException,62,0,8,0,12,0,8,0,4,0
JaCoCo Coverage Report,org.joda.time,DateMidnight.Property,171,0,0,0,28,0,20,0,20,0
JaCoCo Coverage Report,org.joda.time,LocalDate,1450,33,126,0,291,9,161,1,96,1
JaCoCo Coverage Report,org.joda.time,IllegalFieldValueException,331,66,15,1,94,17,25,2,17,2
JaCoCo Coverage Report,org.joda.time,Period,1741,11,62,0,279,3,116,2,85,2
JaCoCo Coverage Report,org.joda.time,DurationFieldType,11,103,0,0,3,27,3,14,3,14
JaCoCo Coverage Report,org.joda.time,YearMonth,478,12,31,0,107,3,62,1,46,1
JaCoCo Coverage Report,org.joda.time,MutableDateTime.Property,184,0,0,0,37,0,18,0,18,0
JaCoCo Coverage Report,org.joda.time,DateTimeZone.Stub,20,0,0,0,8,0,4,0,4,0
JaCoCo Coverage Report,org.joda.time,Years,238,0,35,0,60,0,41,0,21,0
JaCoCo Coverage Report,org.joda.time,DateTimeZone,1041,186,147,23,268,70,113,13,29,12
JaCoCo Coverage Report,org.joda.time,MutableDateTime,851,17,42,1,193,8,106,3,82,3
JaCoCo Coverage Report,org.joda.time.chrono,LimitChronology.LimitDurationField,112,9,0,0,22,3,8,1,8,1
JaCoCo Coverage Report,org.joda.time.chrono,BasicGJChronology,103,339,30,46,16,51,23,24,2,7
JaCoCo Coverage Report,org.joda.time.chrono,BasicChronology.YearInfo,0,9,0,0,0,4,0,1,0,1
JaCoCo Coverage Report,org.joda.time.chrono,LimitChronology.LimitException,97,0,4,0,23,0,5,0,3,0
JaCoCo Coverage Report,org.joda.time.chrono,GJLocaleSymbols,100,356,13,27,24,79,23,21,14,10
JaCoCo Coverage Report,org.joda.time.chrono,LenientChronology,65,178,10,6,14,36,10,7,3,6
JaCoCo Coverage Report,org.joda.time.chrono,BasicChronology.HalfdayField,17,6,0,0,3,2,3,1,3,1
JaCoCo Coverage Report,org.joda.time.chrono,BasicYearDateTimeField,84,82,8,2,18,21,13,10,8,10
JaCoCo Coverage Report,org.joda.time.chrono,GJDayOfWeekDateTimeField,27,21,0,0,6,7,6,5,6,5
JaCoCo Coverage Report,org.joda.time.chrono,CopticChronology,83,166,15,7,24,40,16,9,6,8
JaCoCo Coverage Report,org.joda.time.chrono,ZonedChronology,175,353,23,15,35,62,24,11,9,7
JaCoCo Coverage Report,org.joda.time.chrono,StrictChronology,218,0,16,0,50,0,17,0,9,0
JaCoCo Coverage Report,org.joda.time.chrono,GJChronology.LinkedDurationField,24,9,0,0,4,3,4,1,4,1
JaCoCo Coverage Report,org.joda.time.chrono,AssembledChronology,112,577,48,56,8,102,48,48,2,42
JaCoCo Coverage Report,org.joda.time.chrono,BasicMonthOfYearDateTimeField,536,71,51,1,102,16,38,6,12,6
JaCoCo Coverage Report,org.joda.time.chrono,IslamicChronology,310,208,42,12,65,52,45,13,19,12
JaCoCo Coverage Report,org.joda.time.chrono,BaseChronology,450,84,37,1,96,18,60,5,41,5
JaCoCo Coverage Report,org.joda.time.chrono,BasicDayOfYearDateTimeField,88,12,10,0,18,4,13,2,8,2
JaCoCo Coverage Report,org.joda.time.chrono,BuddhistChronology,69,155,10,4,18,33,14,5,8,4
JaCoCo Coverage Report,org.joda.time.chrono,BasicWeekOfWeekyearDateTimeField,87,20,8,0,19,5,14,3,10,3
JaCoCo Coverage Report,org.joda.time.chrono,BasicDayOfMonthDateTimeField,92,25,12,0,20,7,11,5,5,5
JaCoCo Coverage Report,org.joda.time.chrono,GJChronology.ImpreciseCutoverField,236,41,36,2,44,10,24,4,6,3
JaCoCo Coverage Report,org.joda.time.chrono,BasicChronology,192,751,24,24,40,161,29,31,10,26
JaCoCo Coverage Report,org.joda.time.chrono,GJYearOfEraDateTimeField,90,14,4,0,18,5,14,3,12,3
JaCoCo Coverage Report,org.joda.time.chrono,LimitChronology.LimitDateTimeField,316,18,0,0,69,6,25,1,25,1
JaCoCo Coverage Report,org.joda.time.chrono,JulianChronology,92,152,17,11,25,42,17,17,5,15
JaCoCo Coverage Report,org.joda.time.chrono,LimitChronology,287,352,50,14,63,61,40,8,11,5
JaCoCo Coverage Report,org.joda.time.chrono,AssembledChronology.Fields,7,326,37,37,1,74,37,4,0,4
JaCoCo Coverage Report,org.joda.time.chrono,ISOYearOfEraDateTimeField,86,17,4,0,16,5,14,4,12,4
JaCoCo Coverage Report,org.joda.time.chrono,BasicFixedMonthChronology,126,25,13,1,25,7,16,6,9,6
JaCoCo Coverage Report,org.joda.time.chrono,BasicSingleEraDateTimeField,49,12,4,0,16,5,15,3,13,3
JaCoCo Coverage Report,org.joda.time.chrono,IslamicChronology.LeapYearPatternType,28,10,7,0,8,4,7,1,2,1
JaCoCo Coverage Report,org.joda.time.chrono,ISOChronology,57,118,9,7,14,32,11,9,5,7
JaCoCo Coverage Report,org.joda.time.chrono,ZonedChronology.ZonedDateTimeField,487,27,21,1,89,9,43,1,32,1
JaCoCo Coverage Report,org.joda.time.chrono,ZonedChronology.ZonedDurationField,216,22,23,1,29,7,24,2,12,2
JaCoCo Coverage Report,org.joda.time.chrono,ISOChronology.Stub,21,0,0,0,8,0,4,0,4,0
JaCoCo Coverage Report,org.joda.time.chrono,BasicWeekyearDateTimeField,114,152,17,7,23,36,19,10,7,10
JaCoCo Coverage Report,org.joda.time.chrono,EthiopicChronology,76,166,13,7,22,40,15,9,6,8
JaCoCo Coverage Report,org.joda.time.chrono,GJChronology,387,510,40,10,79,86,41,11,17,10
JaCoCo Coverage Report,org.joda.time.chrono,GJChronology.CutoverField,494,126,60,10,93,32,57,12,24,10
JaCoCo Coverage Report,org.joda.time.chrono,GregorianChronology,74,153,14,14,19,38,13,19,4,14
JaCoCo Coverage Report,org.joda.time.chrono,GJMonthOfYearDateTimeField,18,10,0,0,4,3,4,2,4,2
JaCoCo Coverage Report,org.joda.time.chrono,GJEraDateTimeField,97,14,8,0,24,6,17,4,13,4
JaCoCo Coverage Report,org.joda.time.tz,ZoneInfoCompiler.RuleSet,54,0,4,0,12,0,5,0,3,0
JaCoCo Coverage Report,org.joda.time.tz,DefaultNameProvider,227,12,36,0,30,4,21,2,3,2
JaCoCo Coverage Report,org.joda.time.tz,CachedDateTimeZone,59,138,9,9,19,35,11,12,5,9
JaCoCo Coverage Report,org.joda.time.tz,DateTimeZoneBuilder.DSTZone,164,120,26,8,56,31,20,8,5,6
JaCoCo Coverage Report,org.joda.time.tz,DateTimeZoneBuilder.Recurrence,80,36,10,0,16,9,11,5,6,5
JaCoCo Coverage Report,org.joda.time.tz,DateTimeZoneBuilder.RuleSet,302,22,40,0,78,7,30,2,10,2
JaCoCo Coverage Report,org.joda.time.tz,DateTimeZoneBuilder.Rule,98,0,8,0,25,0,11,0,7,0
JaCoCo Coverage Report,org.joda.time.tz,DateTimeZoneBuilder,480,181,67,13,103,40,46,11,7,8
JaCoCo Coverage Report,org.joda.time.tz,ZoneInfoCompiler.Rule,173,0,10,0,30,0,9,0,4,0
JaCoCo Coverage Report,org.joda.time.tz,UTCProvider,14,0,2,0,6,0,4,0,3,0
JaCoCo Coverage Report,org.joda.time.tz,ZoneInfoCompiler.new ThreadLocal() {...},0,5,0,0,0,2,0,2,0,2
JaCoCo Coverage Report,org.joda.time.tz,DateTimeZoneBuilder.Transition,95,0,8,0,27,0,13,0,9,0
JaCoCo Coverage Report,org.joda.time.tz,DateTimeZoneBuilder.PrecalculatedZone,767,231,132,24,163,57,77,13,7,5
JaCoCo Coverage Report,org.joda.time.tz,CachedDateTimeZone.Info,28,70,10,8,5,16,8,5,1,3
JaCoCo Coverage Report,org.joda.time.tz,FixedDateTimeZone,69,43,15,1,12,12,12,7,4,7
JaCoCo Coverage Report,org.joda.time.tz,ZoneInfoCompiler.DateTimeOfYear,141,138,15,3,34,30,8,6,0,5
JaCoCo Coverage Report,org.joda.time.tz,ZoneInfoCompiler.Zone,199,0,16,0,42,0,14,0,6,0
JaCoCo Coverage Report,org.joda.time.tz,ZoneInfoCompiler,396,690,56,89,77,164,41,49,0,17
JaCoCo Coverage Report,org.joda.time.tz,ZoneInfoProvider,148,201,20,18,38,54,19,11,3,8
JaCoCo Coverage Report,org.joda.time.tz,DateTimeZoneBuilder.OfYear,367,172,59,11,76,44,38,8,5,6
JaCoCo Coverage Report,org.joda.time.field,SkipDateTimeField,48,42,7,3,11,14,6,5,2,4
JaCoCo Coverage Report,org.joda.time.field,BaseDurationField,58,29,3,3,11,11,11,4,8,4
JaCoCo Coverage Report,org.joda.time.field,DividedDateTimeField,225,61,11,5,34,15,21,3,14,2
JaCoCo Coverage Report,org.joda.time.field,ImpreciseDateTimeField,69,18,10,0,13,5,8,2,3,2
JaCoCo Coverage Report,org.joda.time.field,FieldUtils,333,84,58,14,56,19,46,6,9,6
JaCoCo Coverage Report,org.joda.time.field,AbstractPartialFieldProperty,208,0,22,0,50,0,32,0,21,0
JaCoCo Coverage Report,org.joda.time.field,DelegatedDateTimeField,254,59,1,3,43,16,43,12,42,11
JaCoCo Coverage Report,org.joda.time.field,DecoratedDateTimeField,28,33,2,2,6,10,6,6,4,6
JaCoCo Coverage Report,org.joda.time.field,PreciseDurationDateTimeField,63,72,7,3,10,17,7,8,2,8
JaCoCo Coverage Report,org.joda.time.field,OffsetDateTimeField,108,80,4,4,20,17,17,7,13,7
JaCoCo Coverage Report,org.joda.time.field,SkipUndoDateTimeField,29,48,6,2,8,14,6,4,2,4
JaCoCo Coverage Report,org.joda.time.field,BaseDateTimeField,736,55,70,2,157,16,71,9,35,9
JaCoCo Coverage Report,org.joda.time.field,ScaledDurationField,166,46,12,2,27,10,21,3,14,3
JaCoCo Coverage Report,org.joda.time.field,PreciseDurationField,53,49,8,0,11,13,9,6,5,6
JaCoCo Coverage Report,org.joda.time.field,ZeroIsMaxDateTimeField,150,12,5,1,32,4,27,2,24,2
JaCoCo Coverage Report,org.joda.time.field,LenientDateTimeField,10,53,3,3,4,11,4,3,1,3
JaCoCo Coverage Report,org.joda.time.field,DecoratedDurationField,54,15,2,2,10,6,10,2,8,2
JaCoCo Coverage Report,org.joda.time.field,AbstractReadableInstantFieldProperty,276,0,26,0,63,0,43,0,30,0
JaCoCo Coverage Report,org.joda.time.field,ImpreciseDateTimeField.LinkedDurationField,58,11,0,0,13,4,9,2,9,2
JaCoCo Coverage Report,org.joda.time.field,UnsupportedDateTimeField,232,0,12,0,68,0,60,0,54,0
JaCoCo Coverage Report,org.joda.time.field,UnsupportedDurationField,109,39,8,4,28,13,25,6,21,4
JaCoCo Coverage Report,org.joda.time.field,RemainderDateTimeField,122,55,6,2,20,17,15,6,11,6
JaCoCo Coverage Report,org.joda.time.field,StrictDateTimeField,41,0,6,0,13,0,7,0,4,0
JaCoCo Coverage Report,org.joda.time.field,DelegatedDurationField,160,0,8,0,33,0,28,0,24,0
JaCoCo Coverage Report,org.joda.time.field,PreciseDateTimeField,35,83,2,4,7,14,4,6,2,5
JaCoCo Coverage Report,org.joda.time.field,MillisDurationField,75,22,8,0,24,7,20,7,16,7
JaCoCo Coverage Report,org.joda.time.format,DateTimeFormatterBuilder.UnpaddedNumber,77,9,4,0,26,3,6,2,4,2
JaCoCo Coverage Report,org.joda.time.format,DateTimeFormatterBuilder.MatchingParser,108,35,28,6,31,13,15,5,1,2
JaCoCo Coverage Report,org.joda.time.format,PeriodFormatterBuilder.Separator,380,46,81,3,84,13,47,2,5,2
JaCoCo Coverage Report,org.joda.time.format,DateTimeFormatterBuilder.CharacterLiteral,58,18,7,1,19,7,8,4,4,4
JaCoCo Coverage Report,org.joda.time.format,PeriodFormatter,182,51,21,1,44,16,25,5,14,5
JaCoCo Coverage Report,org.joda.time.format,PeriodFormat,184,0,2,0,38,0,6,0,5,0
JaCoCo Coverage Report,org.joda.time.format,FormatUtils,685,4,102,0,154,1,62,1,11,1
JaCoCo Coverage Report,org.joda.time.format,DateTimeFormatterBuilder.Fraction,391,21,66,1,112,8,49,3,7,3
JaCoCo Coverage Report,org.joda.time.format,PeriodFormatterBuilder.CompositeAffix,75,0,4,0,20,0,8,0,6,0
JaCoCo Coverage Report,org.joda.time.format,PeriodFormatterBuilder.Composite,163,79,26,8,35,22,22,3,6,2
JaCoCo Coverage Report,org.joda.time.format,DateTimeFormatterBuilder.TimeZoneOffset,660,0,154,0,192,0,86,0,9,0
JaCoCo Coverage Report,org.joda.time.format,DateTimeFormatterBuilder.NumberFormatter,81,90,20,14,15,28,14,6,0,3
JaCoCo Coverage Report,org.joda.time.format,DateTimeFormat.StyleFormatter,184,0,10,0,43,0,17,0,11,0
JaCoCo Coverage Report,org.joda.time.format,DateTimeFormatter,767,172,80,8,160,48,80,9,36,9
JaCoCo Coverage Report,org.joda.time.format,ISOPeriodFormat,119,34,8,2,72,20,9,2,5,1
JaCoCo Coverage Report,org.joda.time.format,PeriodFormatterBuilder.Literal,38,12,2,0,9,4,6,2,5,2
JaCoCo Coverage Report,org.joda.time.format,DateTimeFormat,486,219,88,34,134,58,81,18,20,5
JaCoCo Coverage Report,org.joda.time.format,DateTimeParserBucket,292,185,40,22,61,47,45,10,17,7
JaCoCo Coverage Report,org.joda.time.format,DateTimeFormatterBuilder.PaddedNumber,88,12,4,0,26,4,6,2,4,2
JaCoCo Coverage Report,org.joda.time.format,DateTimeFormatterBuilder,508,382,56,47,101,91,89,38,47,28
JaCoCo Coverage Report,org.joda.time.format,PeriodFormatterBuilder.PluralAffix,148,0,20,0,37,0,16,0,6,0
JaCoCo Coverage Report,org.joda.time.format,DateTimeParserBucket.SavedState,59,0,4,0,15,0,4,0,2,0
JaCoCo Coverage Report,org.joda.time.format,DateTimeFormatterBuilder.TimeZoneId,106,0,16,0,28,0,16,0,8,0
JaCoCo Coverage Report,org.joda.time.format,DateTimeParserBucket.SavedField,50,30,4,2,15,10,5,2,2,2
JaCoCo Coverage Report,org.joda.time.format,DateTimeFormatterBuilder.TimeZoneName,113,0,15,0,27,0,17,0,9,0
JaCoCo Coverage Report,org.joda.time.format,ISODateTimeFormat,1437,221,246,16,482,92,187,16,58,14
JaCoCo Coverage Report,org.joda.time.format,PeriodFormatterBuilder,342,410,56,27,80,94,64,23,24,21
JaCoCo Coverage Report,org.joda.time.format,DateTimeFormatterBuilder.TextField,344,0,24,0,82,0,23,0,11,0
JaCoCo Coverage Report,org.joda.time.format,PeriodFormatterBuilder.FieldFormatter,948,67,224,1,233,22,135,3,10,3
JaCoCo Coverage Report,org.joda.time.format,DateTimeFormatterBuilder.TwoDigitYear,382,0,64,0,103,0,42,0,10,0
JaCoCo Coverage Report,org.joda.time.format,DateTimeFormatterBuilder.Composite,145,214,31,25,40,49,24,16,5,7
JaCoCo Coverage Report,org.joda.time.format,DateTimeFormatterBuilder.StringLiteral,43,14,2,0,11,5,6,3,5,3
JaCoCo Coverage Report,org.joda.time.format,DateTimeFormatterBuilder.FixedNumber,57,0,14,0,16,0,9,0,2,0
JaCoCo Coverage Report,org.joda.time.format,PeriodFormatterBuilder.SimpleAffix,73,6,8,0,20,3,9,1,5,1
JaCoCo Coverage Report,org.joda.time.convert,StringConverter,468,8,72,0,87,3,42,2,6,2
JaCoCo Coverage Report,org.joda.time.convert,ConverterSet,491,0,80,0,118,0,48,0,8,0
JaCoCo Coverage Report,org.joda.time.convert,NullConverter,19,8,0,0,8,3,4,2,4,2
JaCoCo Coverage Report,org.joda.time.convert,CalendarConverter,72,8,10,0,23,3,9,2,4,2
JaCoCo Coverage Report,org.joda.time.convert,ReadableInstantConverter,43,8,8,0,15,3,8,2,4,2
JaCoCo Coverage Report,org.joda.time.convert,ReadableDurationConverter,35,8,2,0,9,3,4,2,3,2
JaCoCo Coverage Report,org.joda.time.convert,ConverterSet.Entry,9,0,0,0,4,0,1,0,1,0
JaCoCo Coverage Report,org.joda.time.convert,AbstractConverter,46,3,2,0,9,2,9,1,8,1
JaCoCo Coverage Report,org.joda.time.convert,DateConverter,8,8,0,0,3,3,2,2,2,2
JaCoCo Coverage Report,org.joda.time.convert,LongConverter,10,8,0,0,3,3,3,2,3,2
JaCoCo Coverage Report,org.joda.time.convert,ReadablePeriodConverter,13,8,0,0,5,3,3,2,3,2
JaCoCo Coverage Report,org.joda.time.convert,ReadableIntervalConverter,62,8,6,0,17,3,8,2,5,2
JaCoCo Coverage Report,org.joda.time.convert,ReadablePartialConverter,51,8,4,0,13,3,6,2,4,2
JaCoCo Coverage Report,org.joda.time.convert,ConverterManager,667,0,62,0,146,0,59,0,28,0
JaCoCo Coverage Report,org.joda.time.base,AbstractDateTime,196,3,8,0,37,2,27,1,23,1
JaCoCo Coverage Report,org.joda.time.base,AbstractInstant,266,8,27,1,58,4,41,2,27,2
JaCoCo Coverage Report,org.joda.time.base,BasePeriod,702,30,58,0,165,9,56,4,27,4
JaCoCo Coverage Report,org.joda.time.base,BaseSingleFieldPeriod,300,6,46,0,67,3,38,1,15,1
JaCoCo Coverage Report,org.joda.time.base,BaseInterval,266,0,14,0,71,0,18,0,11,0
JaCoCo Coverage Report,org.joda.time.base,AbstractDuration,171,3,32,0,38,2,25,1,9,1
JaCoCo Coverage Report,org.joda.time.base,AbstractInterval,373,0,52,0,78,0,52,0,26,0
JaCoCo Coverage Report,org.joda.time.base,BaseLocal,0,3,0,0,0,2,0,1,0,1
JaCoCo Coverage Report,org.joda.time.base,BaseDuration,110,6,2,0,26,3,15,1,14,1
JaCoCo Coverage Report,org.joda.time.base,AbstractPartial,400,3,62,0,78,2,50,1,19,1
JaCoCo Coverage Report,org.joda.time.base,BaseDateTime,101,66,0,0,27,17,9,8,9,8
JaCoCo Coverage Report,org.joda.time.base,AbstractPeriod,170,7,22,0,37,3,23,2,12,2
JaCoCo Coverage Report,org.joda.time.base,BasePeriod.new AbstractPeriod() {...},4,3,0,0,2,1,2,1,2,1
JaCoCo Coverage Report,org.joda.time.base,BasePartial,194,0,4,0,55,0,18,0,16,0
