project,tool,bugs,detected,avg_line_cov,rate
Chart,EvoSuite_120s,25,13,78.0,0.52
Chart,EvoSuite_60s,25,14,77.96,0.56
Chart,Gemini,25,4,80.68,0.16
Chart,deepseek,25,2,54.64,0.08
Chart,jqwik_R1,26,9,47.63,0.346
Chart,jqwik_R2,26,9,48.02,0.346
Cli,EvoSuite_120s,38,21,91.05,0.553
Cli,EvoSuite_60s,38,20,89.17,0.526
Cli,Gemini,38,2,71.02,0.053
Cli,deepseek,38,2,48.46,0.053
Cli,jqwik_R1,39,13,62.38,0.333
Cli,jqwik_R2,39,15,64.13,0.385
Closure,EvoSuite_120s,173,27,48.2,0.156
Closure,EvoSuite_60s,173,27,46.97,0.156
Closure,Gemini,173,0,20.55,0.0
Closure,deepseek,173,0,29.62,0.0
Closure,jqwik_R1,174,19,22.04,0.109
Closure,jqwik_R2,174,21,23.04,0.121
Codec,EvoSuite_120s,17,5,96.11,0.294
Codec,EvoSuite_60s,17,6,95.55,0.353
Codec,Gemini,17,0,83.24,0.0
Codec,deepseek,17,5,79.65,0.294
Codec,jqwik_R1,18,10,86.02,0.556
Codec,jqwik_R2,18,12,88.03,0.667
Collections,EvoSuite_120s,27,14,82.33,0.519
Collections,EvoSuite_60s,27,14,81.3,0.519
Collections,Gemini,27,1,70.11,0.037
Collections,deepseek,27,1,97.6,0.037
Collections,jqwik_R1,28,5,62.11,0.179
Collections,jqwik_R2,28,6,63.34,0.214
Compress,EvoSuite_120s,46,17,66.47,0.37
Compress,EvoSuite_60s,46,16,65.27,0.348
Compress,Gemini,46,1,43.22,0.022
Compress,deepseek,46,1,26.04,0.022
Compress,jqwik_R1,47,14,48.17,0.298
Compress,jqwik_R2,47,14,51.57,0.298
Csv,EvoSuite_120s,15,13,91.49,0.867
Csv,EvoSuite_60s,15,12,89.62,0.8
Csv,Gemini,15,0,70.38,0.0
Csv,deepseek,15,0,,0.0
Csv,jqwik_R1,16,6,72.21,0.375
Csv,jqwik_R2,16,6,74.59,0.375
Gson,EvoSuite_120s,17,4,69.32,0.235
Gson,EvoSuite_60s,17,3,73.31,0.176
Gson,Gemini,17,1,62.41,0.059
Gson,deepseek,17,2,48.28,0.118
Gson,jqwik_R1,18,4,34.17,0.222
Gson,jqwik_R2,18,4,37.18,0.222
JacksonCore,EvoSuite_120s,25,13,54.94,0.52
JacksonCore,EvoSuite_60s,25,9,52.29,0.36
JacksonCore,Gemini,25,0,21.11,0.0
JacksonCore,deepseek,25,0,25.66,0.0
JacksonCore,jqwik_R1,26,10,45.97,0.385
JacksonCore,jqwik_R2,26,10,47.96,0.385
JacksonDatabind,EvoSuite_120s,109,16,57.44,0.147
JacksonDatabind,EvoSuite_60s,109,14,57.19,0.128
JacksonDatabind,Gemini,109,0,31.86,0.0
JacksonDatabind,deepseek,109,2,38.81,0.018
JacksonDatabind,jqwik_R1,110,8,32.03,0.073
JacksonDatabind,jqwik_R2,110,8,32.42,0.073
JacksonXml,EvoSuite_120s,5,1,41.48,0.2
JacksonXml,EvoSuite_60s,5,1,41.18,0.2
JacksonXml,Gemini,5,0,,0.0
JacksonXml,deepseek,5,0,0.0,0.0
JacksonXml,jqwik_R1,6,1,9.14,0.167
JacksonXml,jqwik_R2,6,1,9.14,0.167
Jsoup,EvoSuite_120s,92,35,83.73,0.38
Jsoup,EvoSuite_60s,92,37,82.03,0.402
Jsoup,Gemini,92,2,49.93,0.022
Jsoup,deepseek,92,3,60.72,0.033
Jsoup,jqwik_R1,93,25,60.71,0.269
Jsoup,jqwik_R2,93,26,62.17,0.28
JxPath,EvoSuite_120s,21,9,66.14,0.429
JxPath,EvoSuite_60s,21,8,64.13,0.381
JxPath,Gemini,21,0,33.74,0.0
JxPath,deepseek,21,0,10.36,0.0
JxPath,jqwik_R1,22,2,33.66,0.091
JxPath,jqwik_R2,22,2,34.0,0.091
Lang,EvoSuite_120s,61,19,87.09,0.311
Lang,EvoSuite_60s,61,18,83.65,0.295
Lang,Gemini,61,15,84.64,0.246
Lang,deepseek,61,8,49.61,0.131
Lang,jqwik_R1,61,36,78.4,0.59
Lang,jqwik_R2,61,38,81.13,0.623
Math,EvoSuite_120s,105,47,89.43,0.448
Math,EvoSuite_60s,105,46,88.57,0.438
Math,Gemini,105,5,69.52,0.048
Math,deepseek,105,6,55.23,0.057
Math,jqwik_R1,106,43,58.67,0.406
Math,jqwik_R2,106,47,60.85,0.443
Mockito,EvoSuite_120s,37,5,42.6,0.135
Mockito,EvoSuite_60s,37,5,42.77,0.135
Mockito,Gemini,37,0,91.05,0.0
Mockito,deepseek,37,1,53.57,0.027
Mockito,jqwik_R1,38,4,42.26,0.105
Mockito,jqwik_R2,38,4,42.31,0.105
Time,EvoSuite_120s,25,11,93.81,0.44
Time,EvoSuite_60s,25,10,92.31,0.4
Time,Gemini,25,0,57.63,0.0
Time,deepseek,25,1,30.65,0.04
Time,jqwik_R1,26,7,58.16,0.269
Time,jqwik_R2,26,7,59.09,0.269
