project,round,tries,bugs,bugs_with_properties,valid_bugs,detected_any_seed,detected_all_seeds,flaky,false_alarm_bugs,detection_rate_all_bugs,detection_rate_valid_bugs,avg_line_cov,avg_branch_cov
Chart,1,200,26,26,26,9,9,0,12,0.346,0.346,47.63,37.94
Chart,2,1000,26,26,26,9,9,0,12,0.346,0.346,48.02,38.48
Cli,1,200,39,39,39,13,13,0,0,0.333,0.333,62.38,49.78
Cli,2,1000,39,39,39,15,14,1,0,0.385,0.385,64.13,52.02
Closure,1,200,174,174,170,19,13,6,6,0.109,0.112,22.04,13.66
Closure,2,1000,174,174,170,21,18,3,6,0.121,0.124,23.04,14.89
Codec,1,200,18,18,18,10,8,2,0,0.556,0.556,86.02,81.39
Codec,2,1000,18,18,18,12,10,2,0,0.667,0.667,88.03,84.14
Collections,1,200,28,28,28,5,4,1,0,0.179,0.179,62.11,60.09
Collections,2,1000,28,28,28,6,5,1,0,0.214,0.214,63.34,62.14
Compress,1,200,47,46,46,14,12,2,1,0.298,0.304,48.17,39.67
Compress,2,1000,47,46,46,14,14,0,1,0.298,0.304,51.57,42.94
Csv,1,200,16,15,15,6,5,1,0,0.375,0.4,72.21,58.43
Csv,2,1000,16,15,15,6,6,0,0,0.375,0.4,74.59,62.54
Gson,1,200,18,18,18,4,2,2,0,0.222,0.222,34.17,22.78
Gson,2,1000,18,18,18,4,3,1,0,0.222,0.222,37.18,24.7
JacksonCore,1,200,26,26,26,10,9,1,2,0.385,0.385,45.97,39.48
JacksonCore,2,1000,26,26,26,10,10,0,2,0.385,0.385,47.96,42.17
JacksonDatabind,1,200,110,110,110,8,7,1,2,0.073,0.073,32.03,22.41
JacksonDatabind,2,1000,110,110,110,8,8,0,2,0.073,0.073,32.42,23.09
JacksonXml,1,200,6,6,6,1,1,0,0,0.167,0.167,9.14,5.28
JacksonXml,2,1000,6,6,6,1,1,0,0,0.167,0.167,9.14,5.28
Jsoup,1,200,93,84,84,25,22,3,5,0.269,0.298,60.71,44.74
Jsoup,2,1000,93,84,84,26,25,1,5,0.28,0.31,62.17,46.63
JxPath,1,200,22,22,22,2,2,0,3,0.091,0.091,33.66,22.27
JxPath,2,1000,22,22,22,2,2,0,3,0.091,0.091,34.0,22.85
Lang,1,200,61,61,61,36,21,15,4,0.59,0.59,78.4,73.09
Lang,2,1000,61,61,61,38,33,5,7,0.623,0.623,81.13,77.04
Math,1,200,106,105,104,43,35,8,19,0.406,0.413,58.67,49.2
Math,2,1000,106,105,102,47,43,4,17,0.443,0.461,60.85,51.95
Mockito,1,200,38,34,34,4,4,0,4,0.105,0.118,42.26,30.06
Mockito,2,1000,38,34,34,4,3,1,3,0.105,0.118,42.31,30.4
Time,1,200,26,26,26,7,6,1,2,0.269,0.269,58.16,44.99
Time,2,1000,26,26,26,7,7,0,5,0.269,0.269,59.09,46.08
