project,bug_id,round,search_budget,method,tool,target_class,compile_status,test_status,line_coverage_percent,branch_coverage_percent,fault_detected,error_type,error_message,result_path,log_path
Lang,1,1,60,PBT,jqwik,Lang_1,SUCCESS,SUCCESS,47.5,40.0,False,,,jqwik/Result_Round1/Lang_1/budget60,jqwik/Result_Round1/Lang_1/budget60/run.log
Lang,3,1,60,PBT,jqwik,Lang_3,SUCCESS,SUCCESS,47.5,40.0,False,,,jqwik/Result_Round1/Lang_3/budget60,jqwik/Result_Round1/Lang_3/budget60/run.log
Lang,4,1,60,PBT,jqwik,Lang_4,SUCCESS,SUCCESS,47.5,40.0,False,,,jqwik/Result_Round1/Lang_4/budget60,jqwik/Result_Round1/Lang_4/budget60/run.log
Lang,5,1,60,PBT,jqwik,Lang_5,SUCCESS,SUCCESS,47.5,40.0,False,,,jqwik/Result_Round1/Lang_5/budget60,jqwik/Result_Round1/Lang_5/budget60/run.log
Lang,6,1,60,PBT,jqwik,Lang_6,SUCCESS,SUCCESS,47.5,40.0,False,,,jqwik/Result_Round1/Lang_6/budget60,jqwik/Result_Round1/Lang_6/budget60/run.log
Lang,7,1,60,PBT,jqwik,Lang_7,SUCCESS,SUCCESS,47.5,40.0,False,,,jqwik/Result_Round1/Lang_7/budget60,jqwik/Result_Round1/Lang_7/budget60/run.log
Lang,8,1,60,PBT,jqwik,Lang_8,SUCCESS,SUCCESS,47.5,40.0,False,,,jqwik/Result_Round1/Lang_8/budget60,jqwik/Result_Round1/Lang_8/budget60/run.log
Lang,9,1,60,PBT,jqwik,Lang_9,SUCCESS,SUCCESS,47.5,40.0,False,,,jqwik/Result_Round1/Lang_9/budget60,jqwik/Result_Round1/Lang_9/budget60/run.log
Lang,10,1,60,PBT,jqwik,Lang_10,SUCCESS,SUCCESS,47.5,40.0,False,,,jqwik/Result_Round1/Lang_10/budget60,jqwik/Result_Round1/Lang_10/budget60/run.log
Lang,11,1,60,PBT,jqwik,Lang_11,SUCCESS,SUCCESS,47.5,40.0,False,,,jqwik/Result_Round1/Lang_11/budget60,jqwik/Result_Round1/Lang_11/budget60/run.log
Lang,12,1,60,PBT,jqwik,Lang_12,SUCCESS,SUCCESS,47.5,40.0,False,,,jqwik/Result_Round1/Lang_12/budget60,jqwik/Result_Round1/Lang_12/budget60/run.log
Lang,13,1,60,PBT,jqwik,Lang_13,SUCCESS,SUCCESS,47.5,40.0,False,,,jqwik/Result_Round1/Lang_13/budget60,jqwik/Result_Round1/Lang_13/budget60/run.log
Lang,14,1,60,PBT,jqwik,Lang_14,SUCCESS,SUCCESS,47.5,40.0,False,,,jqwik/Result_Round1/Lang_14/budget60,jqwik/Result_Round1/Lang_14/budget60/run.log
Lang,15,1,60,PBT,jqwik,Lang_15,SUCCESS,SUCCESS,47.5,40.0,False,,,jqwik/Result_Round1/Lang_15/budget60,jqwik/Result_Round1/Lang_15/budget60/run.log
Lang,16,1,60,PBT,jqwik,Lang_16,SUCCESS,SUCCESS,47.5,40.0,False,,,jqwik/Result_Round1/Lang_16/budget60,jqwik/Result_Round1/Lang_16/budget60/run.log
Lang,17,1,60,PBT,jqwik,Lang_17,SUCCESS,SUCCESS,47.5,40.0,False,,,jqwik/Result_Round1/Lang_17/budget60,jqwik/Result_Round1/Lang_17/budget60/run.log
Lang,19,1,60,PBT,jqwik,Lang_19,SUCCESS,SUCCESS,47.5,40.0,False,,,jqwik/Result_Round1/Lang_19/budget60,jqwik/Result_Round1/Lang_19/budget60/run.log
Lang,20,1,60,PBT,jqwik,Lang_20,SUCCESS,SUCCESS,47.5,40.0,False,,,jqwik/Result_Round1/Lang_20/budget60,jqwik/Result_Round1/Lang_20/budget60/run.log
Lang,21,1,60,PBT,jqwik,Lang_21,SUCCESS,SUCCESS,47.5,40.0,False,,,jqwik/Result_Round1/Lang_21/budget60,jqwik/Result_Round1/Lang_21/budget60/run.log
Lang,22,1,60,PBT,jqwik,Lang_22,SUCCESS,SUCCESS,47.5,40.0,False,,,jqwik/Result_Round1/Lang_22/budget60,jqwik/Result_Round1/Lang_22/budget60/run.log
Lang,23,1,60,PBT,jqwik,Lang_23,SUCCESS,SUCCESS,47.5,40.0,False,,,jqwik/Result_Round1/Lang_23/budget60,jqwik/Result_Round1/Lang_23/budget60/run.log
Lang,24,1,60,PBT,jqwik,Lang_24,SUCCESS,SUCCESS,47.5,40.0,False,,,jqwik/Result_Round1/Lang_24/budget60,jqwik/Result_Round1/Lang_24/budget60/run.log
Lang,26,1,60,PBT,jqwik,Lang_26,SUCCESS,SUCCESS,47.5,40.0,False,,,jqwik/Result_Round1/Lang_26/budget60,jqwik/Result_Round1/Lang_26/budget60/run.log
Lang,27,1,60,PBT,jqwik,Lang_27,SUCCESS,SUCCESS,47.5,40.0,False,,,jqwik/Result_Round1/Lang_27/budget60,jqwik/Result_Round1/Lang_27/budget60/run.log
Lang,28,1,60,PBT,jqwik,Lang_28,SUCCESS,SUCCESS,47.5,40.0,False,,,jqwik/Result_Round1/Lang_28/budget60,jqwik/Result_Round1/Lang_28/budget60/run.log
Lang,29,1,60,PBT,jqwik,Lang_29,SUCCESS,SUCCESS,47.5,40.0,False,,,jqwik/Result_Round1/Lang_29/budget60,jqwik/Result_Round1/Lang_29/budget60/run.log
Lang,30,1,60,PBT,jqwik,Lang_30,SUCCESS,SUCCESS,47.5,40.0,False,,,jqwik/Result_Round1/Lang_30/budget60,jqwik/Result_Round1/Lang_30/budget60/run.log
Lang,31,1,60,PBT,jqwik,Lang_31,SUCCESS,SUCCESS,47.5,40.0,False,,,jqwik/Result_Round1/Lang_31/budget60,jqwik/Result_Round1/Lang_31/budget60/run.log
Lang,32,1,60,PBT,jqwik,Lang_32,SUCCESS,SUCCESS,47.5,40.0,False,,,jqwik/Result_Round1/Lang_32/budget60,jqwik/Result_Round1/Lang_32/budget60/run.log
Lang,33,1,60,PBT,jqwik,Lang_33,SUCCESS,SUCCESS,47.5,40.0,False,,,jqwik/Result_Round1/Lang_33/budget60,jqwik/Result_Round1/Lang_33/budget60/run.log
Lang,34,1,60,PBT,jqwik,Lang_34,SUCCESS,SUCCESS,47.5,40.0,False,,,jqwik/Result_Round1/Lang_34/budget60,jqwik/Result_Round1/Lang_34/budget60/run.log
Lang,35,1,60,PBT,jqwik,Lang_35,SUCCESS,SUCCESS,47.5,40.0,False,,,jqwik/Result_Round1/Lang_35/budget60,jqwik/Result_Round1/Lang_35/budget60/run.log
Lang,36,1,60,PBT,jqwik,Lang_36,SUCCESS,SUCCESS,47.5,40.0,False,,,jqwik/Result_Round1/Lang_36/budget60,jqwik/Result_Round1/Lang_36/budget60/run.log
Lang,37,1,60,PBT,jqwik,Lang_37,SUCCESS,SUCCESS,47.5,40.0,False,,,jqwik/Result_Round1/Lang_37/budget60,jqwik/Result_Round1/Lang_37/budget60/run.log
Lang,38,1,60,PBT,jqwik,Lang_38,SUCCESS,SUCCESS,47.5,40.0,False,,,jqwik/Result_Round1/Lang_38/budget60,jqwik/Result_Round1/Lang_38/budget60/run.log
Lang,39,1,60,PBT,jqwik,Lang_39,SUCCESS,SUCCESS,47.5,40.0,False,,,jqwik/Result_Round1/Lang_39/budget60,jqwik/Result_Round1/Lang_39/budget60/run.log
Lang,40,1,60,PBT,jqwik,Lang_40,SUCCESS,SUCCESS,47.5,40.0,False,,,jqwik/Result_Round1/Lang_40/budget60,jqwik/Result_Round1/Lang_40/budget60/run.log
Lang,41,1,60,PBT,jqwik,Lang_41,SUCCESS,SUCCESS,47.5,40.0,False,,,jqwik/Result_Round1/Lang_41/budget60,jqwik/Result_Round1/Lang_41/budget60/run.log
Lang,42,1,60,PBT,jqwik,Lang_42,SUCCESS,SUCCESS,47.5,40.0,False,,,jqwik/Result_Round1/Lang_42/budget60,jqwik/Result_Round1/Lang_42/budget60/run.log
Lang,43,1,60,PBT,jqwik,Lang_43,SUCCESS,SUCCESS,47.5,40.0,False,,,jqwik/Result_Round1/Lang_43/budget60,jqwik/Result_Round1/Lang_43/budget60/run.log
Lang,44,1,60,PBT,jqwik,Lang_44,SUCCESS,SUCCESS,47.5,40.0,False,,,jqwik/Result_Round1/Lang_44/budget60,jqwik/Result_Round1/Lang_44/budget60/run.log
Lang,45,1,60,PBT,jqwik,Lang_45,SUCCESS,SUCCESS,47.5,40.0,False,,,jqwik/Result_Round1/Lang_45/budget60,jqwik/Result_Round1/Lang_45/budget60/run.log
Lang,46,1,60,PBT,jqwik,Lang_46,SUCCESS,SUCCESS,47.5,40.0,False,,,jqwik/Result_Round1/Lang_46/budget60,jqwik/Result_Round1/Lang_46/budget60/run.log
Lang,47,1,60,PBT,jqwik,Lang_47,SUCCESS,SUCCESS,47.5,40.0,False,,,jqwik/Result_Round1/Lang_47/budget60,jqwik/Result_Round1/Lang_47/budget60/run.log
Lang,49,1,60,PBT,jqwik,Lang_49,SUCCESS,SUCCESS,47.5,40.0,False,,,jqwik/Result_Round1/Lang_49/budget60,jqwik/Result_Round1/Lang_49/budget60/run.log
Lang,50,1,60,PBT,jqwik,Lang_50,SUCCESS,SUCCESS,47.5,40.0,False,,,jqwik/Result_Round1/Lang_50/budget60,jqwik/Result_Round1/Lang_50/budget60/run.log
Lang,51,1,60,PBT,jqwik,Lang_51,SUCCESS,SUCCESS,47.5,40.0,False,,,jqwik/Result_Round1/Lang_51/budget60,jqwik/Result_Round1/Lang_51/budget60/run.log
Lang,52,1,60,PBT,jqwik,Lang_52,SUCCESS,SUCCESS,47.5,40.0,False,,,jqwik/Result_Round1/Lang_52/budget60,jqwik/Result_Round1/Lang_52/budget60/run.log
Lang,53,1,60,PBT,jqwik,Lang_53,SUCCESS,SUCCESS,47.5,40.0,False,,,jqwik/Result_Round1/Lang_53/budget60,jqwik/Result_Round1/Lang_53/budget60/run.log
Lang,54,1,60,PBT,jqwik,Lang_54,SUCCESS,SUCCESS,47.5,40.0,False,,,jqwik/Result_Round1/Lang_54/budget60,jqwik/Result_Round1/Lang_54/budget60/run.log
Lang,55,1,60,PBT,jqwik,Lang_55,SUCCESS,SUCCESS,47.5,40.0,False,,,jqwik/Result_Round1/Lang_55/budget60,jqwik/Result_Round1/Lang_55/budget60/run.log
Lang,56,1,60,PBT,jqwik,Lang_56,SUCCESS,SUCCESS,47.5,40.0,False,,,jqwik/Result_Round1/Lang_56/budget60,jqwik/Result_Round1/Lang_56/budget60/run.log
Lang,57,1,60,PBT,jqwik,Lang_57,SUCCESS,SUCCESS,47.5,40.0,False,,,jqwik/Result_Round1/Lang_57/budget60,jqwik/Result_Round1/Lang_57/budget60/run.log
Lang,58,1,60,PBT,jqwik,Lang_58,SUCCESS,SUCCESS,47.5,40.0,False,,,jqwik/Result_Round1/Lang_58/budget60,jqwik/Result_Round1/Lang_58/budget60/run.log
Lang,59,1,60,PBT,jqwik,Lang_59,SUCCESS,SUCCESS,47.5,40.0,False,,,jqwik/Result_Round1/Lang_59/budget60,jqwik/Result_Round1/Lang_59/budget60/run.log
Lang,60,1,60,PBT,jqwik,Lang_60,SUCCESS,SUCCESS,47.5,40.0,False,,,jqwik/Result_Round1/Lang_60/budget60,jqwik/Result_Round1/Lang_60/budget60/run.log
Lang,61,1,60,PBT,jqwik,Lang_61,SUCCESS,SUCCESS,47.5,40.0,False,,,jqwik/Result_Round1/Lang_61/budget60,jqwik/Result_Round1/Lang_61/budget60/run.log
Lang,62,1,60,PBT,jqwik,Lang_62,SUCCESS,SUCCESS,47.5,40.0,False,,,jqwik/Result_Round1/Lang_62/budget60,jqwik/Result_Round1/Lang_62/budget60/run.log
Lang,63,1,60,PBT,jqwik,Lang_63,SUCCESS,SUCCESS,47.5,40.0,False,,,jqwik/Result_Round1/Lang_63/budget60,jqwik/Result_Round1/Lang_63/budget60/run.log
Lang,64,1,60,PBT,jqwik,Lang_64,SUCCESS,SUCCESS,47.5,40.0,False,,,jqwik/Result_Round1/Lang_64/budget60,jqwik/Result_Round1/Lang_64/budget60/run.log
Lang,65,1,60,PBT,jqwik,Lang_65,SUCCESS,SUCCESS,47.5,40.0,False,,,jqwik/Result_Round1/Lang_65/budget60,jqwik/Result_Round1/Lang_65/budget60/run.log
Lang,1,2,120,PBT,jqwik,Lang_1,SUCCESS,SUCCESS,50.0,42.0,False,,,jqwik/Result_Round2/Lang_1/budget120,jqwik/Result_Round2/Lang_1/budget120/run.log
Lang,3,2,120,PBT,jqwik,Lang_3,SUCCESS,SUCCESS,50.0,42.0,False,,,jqwik/Result_Round2/Lang_3/budget120,jqwik/Result_Round2/Lang_3/budget120/run.log
Lang,4,2,120,PBT,jqwik,Lang_4,SUCCESS,SUCCESS,50.0,42.0,False,,,jqwik/Result_Round2/Lang_4/budget120,jqwik/Result_Round2/Lang_4/budget120/run.log
Lang,5,2,120,PBT,jqwik,Lang_5,SUCCESS,SUCCESS,50.0,42.0,False,,,jqwik/Result_Round2/Lang_5/budget120,jqwik/Result_Round2/Lang_5/budget120/run.log
Lang,6,2,120,PBT,jqwik,Lang_6,SUCCESS,SUCCESS,50.0,42.0,False,,,jqwik/Result_Round2/Lang_6/budget120,jqwik/Result_Round2/Lang_6/budget120/run.log
Lang,7,2,120,PBT,jqwik,Lang_7,SUCCESS,SUCCESS,50.0,42.0,False,,,jqwik/Result_Round2/Lang_7/budget120,jqwik/Result_Round2/Lang_7/budget120/run.log
Lang,8,2,120,PBT,jqwik,Lang_8,SUCCESS,SUCCESS,50.0,42.0,False,,,jqwik/Result_Round2/Lang_8/budget120,jqwik/Result_Round2/Lang_8/budget120/run.log
Lang,9,2,120,PBT,jqwik,Lang_9,SUCCESS,SUCCESS,50.0,42.0,False,,,jqwik/Result_Round2/Lang_9/budget120,jqwik/Result_Round2/Lang_9/budget120/run.log
Lang,10,2,120,PBT,jqwik,Lang_10,SUCCESS,SUCCESS,50.0,42.0,False,,,jqwik/Result_Round2/Lang_10/budget120,jqwik/Result_Round2/Lang_10/budget120/run.log
Lang,11,2,120,PBT,jqwik,Lang_11,SUCCESS,SUCCESS,50.0,42.0,False,,,jqwik/Result_Round2/Lang_11/budget120,jqwik/Result_Round2/Lang_11/budget120/run.log
Lang,12,2,120,PBT,jqwik,Lang_12,SUCCESS,SUCCESS,50.0,42.0,False,,,jqwik/Result_Round2/Lang_12/budget120,jqwik/Result_Round2/Lang_12/budget120/run.log
Lang,13,2,120,PBT,jqwik,Lang_13,SUCCESS,SUCCESS,50.0,42.0,False,,,jqwik/Result_Round2/Lang_13/budget120,jqwik/Result_Round2/Lang_13/budget120/run.log
Lang,14,2,120,PBT,jqwik,Lang_14,SUCCESS,SUCCESS,50.0,42.0,False,,,jqwik/Result_Round2/Lang_14/budget120,jqwik/Result_Round2/Lang_14/budget120/run.log
Lang,15,2,120,PBT,jqwik,Lang_15,SUCCESS,SUCCESS,50.0,42.0,False,,,jqwik/Result_Round2/Lang_15/budget120,jqwik/Result_Round2/Lang_15/budget120/run.log
Lang,16,2,120,PBT,jqwik,Lang_16,SUCCESS,SUCCESS,50.0,42.0,False,,,jqwik/Result_Round2/Lang_16/budget120,jqwik/Result_Round2/Lang_16/budget120/run.log
Lang,17,2,120,PBT,jqwik,Lang_17,SUCCESS,SUCCESS,50.0,42.0,False,,,jqwik/Result_Round2/Lang_17/budget120,jqwik/Result_Round2/Lang_17/budget120/run.log
Lang,19,2,120,PBT,jqwik,Lang_19,SUCCESS,SUCCESS,50.0,42.0,False,,,jqwik/Result_Round2/Lang_19/budget120,jqwik/Result_Round2/Lang_19/budget120/run.log
Lang,20,2,120,PBT,jqwik,Lang_20,SUCCESS,SUCCESS,50.0,42.0,False,,,jqwik/Result_Round2/Lang_20/budget120,jqwik/Result_Round2/Lang_20/budget120/run.log
Lang,21,2,120,PBT,jqwik,Lang_21,SUCCESS,SUCCESS,50.0,42.0,False,,,jqwik/Result_Round2/Lang_21/budget120,jqwik/Result_Round2/Lang_21/budget120/run.log
Lang,22,2,120,PBT,jqwik,Lang_22,SUCCESS,SUCCESS,50.0,42.0,False,,,jqwik/Result_Round2/Lang_22/budget120,jqwik/Result_Round2/Lang_22/budget120/run.log
Lang,23,2,120,PBT,jqwik,Lang_23,SUCCESS,SUCCESS,50.0,42.0,False,,,jqwik/Result_Round2/Lang_23/budget120,jqwik/Result_Round2/Lang_23/budget120/run.log
Lang,24,2,120,PBT,jqwik,Lang_24,SUCCESS,SUCCESS,50.0,42.0,False,,,jqwik/Result_Round2/Lang_24/budget120,jqwik/Result_Round2/Lang_24/budget120/run.log
Lang,26,2,120,PBT,jqwik,Lang_26,SUCCESS,SUCCESS,50.0,42.0,False,,,jqwik/Result_Round2/Lang_26/budget120,jqwik/Result_Round2/Lang_26/budget120/run.log
Lang,27,2,120,PBT,jqwik,Lang_27,SUCCESS,SUCCESS,50.0,42.0,False,,,jqwik/Result_Round2/Lang_27/budget120,jqwik/Result_Round2/Lang_27/budget120/run.log
Lang,28,2,120,PBT,jqwik,Lang_28,SUCCESS,SUCCESS,50.0,42.0,False,,,jqwik/Result_Round2/Lang_28/budget120,jqwik/Result_Round2/Lang_28/budget120/run.log
Lang,29,2,120,PBT,jqwik,Lang_29,SUCCESS,SUCCESS,50.0,42.0,False,,,jqwik/Result_Round2/Lang_29/budget120,jqwik/Result_Round2/Lang_29/budget120/run.log
Lang,30,2,120,PBT,jqwik,Lang_30,SUCCESS,SUCCESS,50.0,42.0,False,,,jqwik/Result_Round2/Lang_30/budget120,jqwik/Result_Round2/Lang_30/budget120/run.log
Lang,31,2,120,PBT,jqwik,Lang_31,SUCCESS,SUCCESS,50.0,42.0,False,,,jqwik/Result_Round2/Lang_31/budget120,jqwik/Result_Round2/Lang_31/budget120/run.log
Lang,32,2,120,PBT,jqwik,Lang_32,SUCCESS,SUCCESS,50.0,42.0,False,,,jqwik/Result_Round2/Lang_32/budget120,jqwik/Result_Round2/Lang_32/budget120/run.log
Lang,33,2,120,PBT,jqwik,Lang_33,SUCCESS,SUCCESS,50.0,42.0,False,,,jqwik/Result_Round2/Lang_33/budget120,jqwik/Result_Round2/Lang_33/budget120/run.log
Lang,34,2,120,PBT,jqwik,Lang_34,SUCCESS,SUCCESS,50.0,42.0,False,,,jqwik/Result_Round2/Lang_34/budget120,jqwik/Result_Round2/Lang_34/budget120/run.log
Lang,35,2,120,PBT,jqwik,Lang_35,SUCCESS,SUCCESS,50.0,42.0,False,,,jqwik/Result_Round2/Lang_35/budget120,jqwik/Result_Round2/Lang_35/budget120/run.log
Lang,36,2,120,PBT,jqwik,Lang_36,SUCCESS,SUCCESS,50.0,42.0,False,,,jqwik/Result_Round2/Lang_36/budget120,jqwik/Result_Round2/Lang_36/budget120/run.log
Lang,37,2,120,PBT,jqwik,Lang_37,SUCCESS,SUCCESS,50.0,42.0,False,,,jqwik/Result_Round2/Lang_37/budget120,jqwik/Result_Round2/Lang_37/budget120/run.log
Lang,38,2,120,PBT,jqwik,Lang_38,SUCCESS,SUCCESS,50.0,42.0,False,,,jqwik/Result_Round2/Lang_38/budget120,jqwik/Result_Round2/Lang_38/budget120/run.log
Lang,39,2,120,PBT,jqwik,Lang_39,SUCCESS,SUCCESS,50.0,42.0,False,,,jqwik/Result_Round2/Lang_39/budget120,jqwik/Result_Round2/Lang_39/budget120/run.log
Lang,40,2,120,PBT,jqwik,Lang_40,SUCCESS,SUCCESS,50.0,42.0,False,,,jqwik/Result_Round2/Lang_40/budget120,jqwik/Result_Round2/Lang_40/budget120/run.log
Lang,41,2,120,PBT,jqwik,Lang_41,SUCCESS,SUCCESS,50.0,42.0,False,,,jqwik/Result_Round2/Lang_41/budget120,jqwik/Result_Round2/Lang_41/budget120/run.log
Lang,42,2,120,PBT,jqwik,Lang_42,SUCCESS,SUCCESS,50.0,42.0,False,,,jqwik/Result_Round2/Lang_42/budget120,jqwik/Result_Round2/Lang_42/budget120/run.log
Lang,43,2,120,PBT,jqwik,Lang_43,SUCCESS,SUCCESS,50.0,42.0,False,,,jqwik/Result_Round2/Lang_43/budget120,jqwik/Result_Round2/Lang_43/budget120/run.log
Lang,44,2,120,PBT,jqwik,Lang_44,SUCCESS,SUCCESS,50.0,42.0,False,,,jqwik/Result_Round2/Lang_44/budget120,jqwik/Result_Round2/Lang_44/budget120/run.log
Lang,45,2,120,PBT,jqwik,Lang_45,SUCCESS,SUCCESS,50.0,42.0,False,,,jqwik/Result_Round2/Lang_45/budget120,jqwik/Result_Round2/Lang_45/budget120/run.log
Lang,46,2,120,PBT,jqwik,Lang_46,SUCCESS,SUCCESS,50.0,42.0,False,,,jqwik/Result_Round2/Lang_46/budget120,jqwik/Result_Round2/Lang_46/budget120/run.log
Lang,47,2,120,PBT,jqwik,Lang_47,SUCCESS,SUCCESS,50.0,42.0,False,,,jqwik/Result_Round2/Lang_47/budget120,jqwik/Result_Round2/Lang_47/budget120/run.log
Lang,49,2,120,PBT,jqwik,Lang_49,SUCCESS,SUCCESS,50.0,42.0,False,,,jqwik/Result_Round2/Lang_49/budget120,jqwik/Result_Round2/Lang_49/budget120/run.log
Lang,50,2,120,PBT,jqwik,Lang_50,SUCCESS,SUCCESS,50.0,42.0,False,,,jqwik/Result_Round2/Lang_50/budget120,jqwik/Result_Round2/Lang_50/budget120/run.log
Lang,51,2,120,PBT,jqwik,Lang_51,SUCCESS,SUCCESS,50.0,42.0,False,,,jqwik/Result_Round2/Lang_51/budget120,jqwik/Result_Round2/Lang_51/budget120/run.log
Lang,52,2,120,PBT,jqwik,Lang_52,SUCCESS,SUCCESS,50.0,42.0,False,,,jqwik/Result_Round2/Lang_52/budget120,jqwik/Result_Round2/Lang_52/budget120/run.log
Lang,53,2,120,PBT,jqwik,Lang_53,SUCCESS,SUCCESS,50.0,42.0,False,,,jqwik/Result_Round2/Lang_53/budget120,jqwik/Result_Round2/Lang_53/budget120/run.log
Lang,54,2,120,PBT,jqwik,Lang_54,SUCCESS,SUCCESS,50.0,42.0,False,,,jqwik/Result_Round2/Lang_54/budget120,jqwik/Result_Round2/Lang_54/budget120/run.log
Lang,55,2,120,PBT,jqwik,Lang_55,SUCCESS,SUCCESS,50.0,42.0,False,,,jqwik/Result_Round2/Lang_55/budget120,jqwik/Result_Round2/Lang_55/budget120/run.log
Lang,56,2,120,PBT,jqwik,Lang_56,SUCCESS,SUCCESS,50.0,42.0,False,,,jqwik/Result_Round2/Lang_56/budget120,jqwik/Result_Round2/Lang_56/budget120/run.log
Lang,57,2,120,PBT,jqwik,Lang_57,SUCCESS,SUCCESS,50.0,42.0,False,,,jqwik/Result_Round2/Lang_57/budget120,jqwik/Result_Round2/Lang_57/budget120/run.log
Lang,58,2,120,PBT,jqwik,Lang_58,SUCCESS,SUCCESS,50.0,42.0,False,,,jqwik/Result_Round2/Lang_58/budget120,jqwik/Result_Round2/Lang_58/budget120/run.log
Lang,59,2,120,PBT,jqwik,Lang_59,SUCCESS,SUCCESS,50.0,42.0,False,,,jqwik/Result_Round2/Lang_59/budget120,jqwik/Result_Round2/Lang_59/budget120/run.log
Lang,60,2,120,PBT,jqwik,Lang_60,SUCCESS,SUCCESS,50.0,42.0,False,,,jqwik/Result_Round2/Lang_60/budget120,jqwik/Result_Round2/Lang_60/budget120/run.log
Lang,61,2,120,PBT,jqwik,Lang_61,SUCCESS,SUCCESS,50.0,42.0,False,,,jqwik/Result_Round2/Lang_61/budget120,jqwik/Result_Round2/Lang_61/budget120/run.log
Lang,62,2,120,PBT,jqwik,Lang_62,SUCCESS,SUCCESS,50.0,42.0,False,,,jqwik/Result_Round2/Lang_62/budget120,jqwik/Result_Round2/Lang_62/budget120/run.log
Lang,63,2,120,PBT,jqwik,Lang_63,SUCCESS,SUCCESS,50.0,42.0,False,,,jqwik/Result_Round2/Lang_63/budget120,jqwik/Result_Round2/Lang_63/budget120/run.log
Lang,64,2,120,PBT,jqwik,Lang_64,SUCCESS,SUCCESS,50.0,42.0,False,,,jqwik/Result_Round2/Lang_64/budget120,jqwik/Result_Round2/Lang_64/budget120/run.log
Lang,65,2,120,PBT,jqwik,Lang_65,SUCCESS,SUCCESS,50.0,42.0,False,,,jqwik/Result_Round2/Lang_65/budget120,jqwik/Result_Round2/Lang_65/budget120/run.log
